16384 , many additions: MODSWITCH
 , 426010
 , 359753
 , 359404
 , 356227
 , 361862
 , 359627
 , 352337
 , 346150
 , 343079
 , 343140
 , 352398
 , 343214
 , 338655
 , 337372
 , 336911
 , 348027
 , 337553
 , 336800
 , 337301
 , 337738
 , 338558
 , 337622
 , 336508
 , 337562
 , 337244
 , 336898
 , 337498
 , 337899
 , 337808
 , 337416
 , 337620
 , 337245
 , 338003
 , 337260
 , 337648
 , 337320
 , 337732
 , 336530
 , 337547
 , 337565
 , 337285
 , 337474
 , 337088
 , 337175
 , 337196
 , 337844
 , 336931
 , 337028
 , 337209
 , 337090
 , 337222
 , 337619
 , 337060
 , 337946
 , 337556
 , 337515
 , 337041
 , 337680
 , 336637
 , 337337
 , 336644
 , 337471
 , 337014
 , 337413
 , 337059
 , 337965
 , 337408
 , 337128
 , 337152
 , 337064
 , 337349
 , 336942
 , 337524
 , 337003
 , 337370
 , 337236
 , 337499
 , 337355
 , 337770
 , 336780
 , 337545
 , 337575
 , 337497
 , 336501
 , 338204
 , 337413
 , 337383
 , 338005
 , 337030
 , 337023
 , 337519
 , 337372
 , 337139
 , 337670
 , 336915
 , 337240
 , 337498
 , 337179
 , 336641
 , 337440

